{
    "KL03C789_1637757346": {
        "id":"KL03C789_1637757346",
        "busNo":"KL03C789",
        "dateTime":"1637757346",
        "source":[8.917743,76.632875],
        "destination":[8.904567,76.623120]
     },
     "KL40C3421_1637757346": {
        "id":"KL40C3421_1637757346",
        "busNo":"KL40C3421",
        "dateTime":"1637757346",
        "source":[8.917743,76.632875],
        "destination":[8.887067,76.591009]
     },
     "KL03C789_1637758592": {
        "id":"KL03C789_1637758592",
        "busNo":"KL03C789",
        "dateTime":"1637758592",
        "source":[8.887067,76.591009],
        "destination":[8.917743,76.632875]
     }
}