{
    "KL03C789_1": {
        "id":"KL03C789_1",
        "number":"KL03C789",
        "name": "TMS",
        "route": [[8.917743,76.632875,"9:30 AM"],[8.904567,76.623120,"9.40 AM"],[8.887067,76.591009,"10:00 AM"]],
        "stopCount":3,
        "type":"private",
        "round":1,
        "capacity":"50"
    },
    "KL03DE7689_1":{
        "id":"KL03C3421_2",
        "number":"KL40C3421",
        "name": "ksrtc",
		"route": [[8.917743,76.632875,"9:30 AM"],[8.904567,76.623120,"9.35 AM"],[8.887067,76.591009,"10:50 AM"]],
        "stopCount":3,
        "type":"ksrtc",
        "round":2,
        "capacity":"70"
    }
}